"Class","AMC24","AMC29","AMC2","AMC23","AMC25","AMC21","AMC26","AMC28","AMC20","AMC22","AMC27","AMC33","AMC34","AMC36","AMC30","AMC35","AMC37","AMC32","AMC39","AMC38","AMC3","AMC31","AMC46","AMC43","AMC48","AMC40","AMC45","AMC42","AMC49","AMC4","AMC47","AMC44","AMC41","AMC51","AMC53","AMC55","AMC50","AMC5","AMC54","AMC59","AMC58","AMC56","AMC52","AMC57","AMC65","AMC66","AMC61","AMC62","AMC67","AMC60","AMC63","AMC68","AMC69","AMC6","AMC64","AMC71","AMC78","AMC77","AMC79","AMC74","AMC76","AMC7","AMC72","AMC70","AMC75","AMC73","AMC92","AMC9","AMC98","AMC96","AMC8","AMC80","AMC94","AMC95","AMC97","AMC93","AMC91","AMC10","AMC1","AMC18","AMC19","AMC16","AMC12","AMC14","AMC11","AMC13","AMC15","AMC17","Broadclass","unique"
"Acetate_resistance",0,0.0238095238095238,0,0,0,0.00854700854700855,0.0326382592928377,0,0.0363636363636364,0,0,0.000386922035209905,0,0,0,0,0.00294985250737463,0.000458820830465703,0.0459770114942529,0,0.0210526315789474,0,0.0170454545454545,0.000427076660260517,0.0303030303030303,0.000165371258475277,0.000426212040490144,0,0.0198895027624309,0,0,0,0,0,0,0,0.0142348754448399,0.0148975791433892,0,0,0,0.0170940170940171,0,0,0.0490430622009569,0,0.0217391304347826,0.0343450479233227,0.00284900284900285,0,0.0140845070422535,0,0,0.000177825197830533,0.0225563909774436,0.00779727095516569,0.0412844036697248,0.0399385560675883,0.0243632336655592,0.0368239355581128,0.0170777988614801,0,0,0.0178571428571429,0.05,0.00383141762452107,0,0,0,0.000172622130157086,0.0212765957446809,0,0,0.000176631634725779,9.74563882662509e-05,0,0.000120496445354862,0.0257201646090535,0,0.036322360953462,0.0625,0,0,0.0275387263339071,0.0204081632653061,0.0384615384615385,0,0,"Biocides","Acetate_resistance"
"Acid Resistance",0.00100857286938981,0,0.0129032258064516,0,0.000815660685154976,0.00427350427350427,0.0253853127833182,0.000631811720107408,0.0484848484848485,0.00142450142450142,0.000925830675856393,0.00077384407041981,0,0.00142734798743934,0.00107604017216643,0,0,0.000917641660931406,0.0229885057471264,0.0017046944662995,0.0210526315789474,0,0.023538961038961,0.000427076660260517,0.0151515151515152,0.00148834132627749,0.000639318060735216,0.00218221494817239,0.0364640883977901,0.00151369203247557,0.00115451221858765,0.00174003828084218,0.0202020202020202,0,0.000734484024972457,0.00124843945068664,0.0213523131672598,0.0223463687150838,0.00126885661920203,0.0031055900621118,0.0283018867924528,0.0341880341880342,0.000447527411053927,0.00108794197642792,0.0167464114832536,0,0.0217391304347826,0.0343450479233227,0.00284900284900285,0.00147492625368732,0.0187793427230047,0.00255754475703325,0.000215100021510002,0.00142260158264426,0.0345864661654135,0.0116959064327485,0.0302752293577982,0.0245775729646697,0.0310077519379845,0.0161104718066743,0.0227703984819734,0,0,0,0,0.0229885057471264,0.00107758620689655,0.000984251968503937,0.000760263558033452,0.000863110650785431,0,0,0.00140712945590994,0.00105978980835468,0.00131566124159439,0.0014645412043035,0.000963971562838896,0.0298353909465021,0.00199401794616152,0.0249716231555051,0,0.00183823529411765,0,0.0137693631669535,0.0816326530612245,0.0384615384615385,0.00118670886075949,0.00186915887850467,"Biocides","Acid Resistance"
"Aminocoumarins",0.00252143217347453,0,0.0129032258064516,0.00560747663551402,0.00448613376835237,0.0213675213675214,0.00362647325475975,0.00600221134102038,0,0.00587606837606838,0.00493776360456743,0.00483652544012382,0,0.00371110476734228,0.00448350071736011,0.00469641060046964,0.0103244837758112,0.00504702913512273,0.0229885057471264,0.004720692368214,0,0,0.00162337662337662,0.00448430493273543,0.0151515151515152,0.0053745659004465,0.00575386254661694,0.00927441352973268,0.00110497237569061,0.00412825099766066,0.00442563017125265,0.00539411867061075,0,0,0.00697759823723834,0.00374531835205993,0.00711743772241993,0,0.00514591851120823,0.005175983436853,0.00943396226415094,0,0.00604162004922802,0.00471441523118767,0.00239234449760766,0.00429414922168545,0,0.00319488817891374,0.00854700854700855,0.00497787610619469,0,0.0140664961636829,0.00548505054850505,0.00435671734684805,0.00300751879699248,0.00389863547758285,0,0,0,0.00230149597238205,0,0,0.00698080279232112,0,0,0.0114942528735632,0.00457974137931034,0.00508530183727034,0.00620881905727319,0.0050060417745555,0,0,0.00390869293308318,0.00618210721540228,0.00399571191891628,0.0037740100264744,0.00433787203277503,0,0.00538384845463609,0,0,0.00183823529411765,0.0105664299324441,0,0,0,0.00593354430379747,0.00630841121495327,"Drugs","Aminocoumarins"
"Aminoglycosides",0.0746343923348462,0.119047619047619,0.109677419354839,0.0717757009345794,0.0634176182707994,0.126068376068376,0.0961015412511333,0.0628652661506871,0.0121212121212121,0.066951566951567,0.0713918321160375,0.0706132714258077,0.0307692307692308,0.073365686554382,0.0663558106169297,0.0707816169070782,0.0973451327433628,0.0646937370956641,0.0689655172413793,0.0730396013637556,0.105263157894737,0.0579710144927536,0.0503246753246753,0.0715353405936366,0.053030303030303,0.0737555812799736,0.0708577517314864,0.0621931260229132,0.0662983425414365,0.0736892803082427,0.0617664036944391,0.0666434661562554,0.0606060606060606,0.188679245283019,0.0725302974660301,0.0593008739076155,0.0284697508896797,0.0651769087523277,0.0655575919921049,0.0719461697722567,0.0518867924528302,0.0256410256410256,0.0644439471917655,0.0781504986400725,0.0741626794258373,0.0772946859903382,0.0434782608695652,0.0431309904153355,0.115384615384615,0.0737463126843658,0.028169014084507,0.101023017902813,0.0699075069907507,0.0701075842446875,0.0571428571428571,0.0467836257309941,0.0605504587155963,0.0599078341013825,0.0653377630121816,0.0632911392405063,0.0426944971537002,0.0862068965517241,0.0831878999418267,0.0714285714285714,0.05,0.0804597701149425,0.0720635775862069,0.0810367454068241,0.0660162189559047,0.0635249438978077,0.106382978723404,0.0886075949367089,0.0697310819262039,0.068886337543054,0.0702660559399669,0.0682138230158283,0.06988793830582,0.0668724279835391,0.080159521435693,0.0658342792281498,0.0625,0.0689338235294117,0.0853975402736879,0.0654044750430293,0.0714285714285714,0.0384615384615385,0.0731803797468355,0.0719626168224299,"Drugs","Aminoglycosides"
"Arsenic Resistance",0.0100857286938981,0,0,0.0108411214953271,0.00999184339314845,0.00427350427350427,0.0389845874886673,0.00884536408150371,0.0121212121212121,0.00623219373219373,0.00853821623289785,0.00870574579222287,0,0.00899229232086783,0.0077116212338594,0.00905736330090573,0.0206489675516224,0.00963523743977977,0.0459770114942529,0.00931025439286651,0.0526315789473684,0,0.0478896103896104,0.0102498398462524,0.00757575757575758,0.00777244914833802,0.00937666489078316,0.0114566284779051,0.0342541436464088,0.00970138984450255,0.0107754473734847,0.0104402296850531,0.0202020202020202,0.0188679245283019,0.00863018729342637,0.00842696629213483,0.0391459074733096,0.0484171322160149,0.0100803609192161,0.015527950310559,0.00471698113207547,0.0341880341880342,0.00760796598791676,0.0119673617407072,0.0287081339712919,0.00966183574879227,0,0.0463258785942492,0.0156695156695157,0.00967920353982301,0.0375586854460094,0.0115089514066496,0.0097870509787051,0.00915799768827243,0.0225563909774436,0.0331384015594542,0.0504587155963303,0.0245775729646697,0.0199335548172757,0.0437284234752589,0.0351043643263757,0.0344827586206897,0.0104712041884817,0,0.05,0.0153256704980843,0.00848599137931035,0.0123031496062992,0.00912316269640142,0.0101847056792681,0.0106382978723404,0.0253164556962025,0.0104752970606629,0.0117460037092643,0.00945326966182633,0.00878724722582099,0.00982046029642126,0.0308641975308642,0.00997008973080758,0.0408626560726447,0.125,0.00919117647058824,0.00225186211675039,0.0206540447504303,0.0408163265306122,0,0.00929588607594937,0.0114485981308411,"Metals","Arsenic Resistance"
"Bacitracin",0,0.0238095238095238,0.0129032258064516,0.000747663551401869,0.00122349102773246,0,0.00634632819582956,0.000947717580161112,0,0.00178062678062678,0.00123444090114186,0.00232153221125943,0,0.000570939194975735,0.00143472022955524,0,0,0.00137646249139711,0,0.0011801730920535,0,0,0.00162337662337662,0,0,0.00132297006780222,0.000213106020245072,0.0010911074740862,0.00441988950276243,0.00116967111600385,0.00115451221858765,0.000696015312336871,0,0,0.00146896804994491,0,0.00711743772241993,0.0037243947858473,0.000704920344001128,0,0.00943396226415094,0,0,0,0.0119617224880383,0.00107353730542136,0,0.00958466453674121,0.0056980056980057,0.00110619469026549,0.00469483568075117,0.00255754475703325,0.000645300064530006,0.000978038588067929,0.00300751879699248,0,0.00642201834862385,0.010752688172043,0,0.0046029919447641,0.00379506641366224,0,0,0,0,0,0.000808189655172414,0.000984251968503937,0.000760263558033452,0.00112204384602106,0,0,0.000938086303939962,0.000529894904177338,0.000974563882662509,0.00101391314144088,0.000421737558742017,0.00308641975308642,0.00159521435692921,0.00454029511918275,0,0,0.00173220162826953,0,0,0,0.00197784810126582,0.00186915887850467,"Drugs","Bacitracin"
"Betalactams",0.16036308623298,0.25,0.154838709677419,0.14392523364486,0.153752039151713,0.136752136752137,0.0661831368993654,0.168061917548571,0.0606060606060606,0.15491452991453,0.163460549326201,0.16173341071774,0.230769230769231,0.16728518412789,0.160688665710187,0.160516605166052,0.141592920353982,0.178481303051158,0.183908045977011,0.164830841856806,0.0842105263157895,0,0.075487012987013,0.153534059363656,0.174242424242424,0.165702000992228,0.150559403303143,0.13911620294599,0.0640883977900552,0.166643731938902,0.155474312103136,0.142683139029059,0.171717171717172,0.0754716981132075,0.158648549394051,0.141697877652934,0.106761565836299,0.0782122905027933,0.162977583533061,0.13871635610766,0.0613207547169811,0.094017094017094,0.159991049451779,0.146690843155032,0.0538277511961722,0.146001073537305,0.130434782608696,0.0630990415335463,0.132478632478632,0.169616519174041,0.0563380281690141,0.159846547314578,0.157130565713057,0.16115408553392,0.0706766917293233,0.0935672514619883,0.0706422018348624,0.0691244239631336,0.0686600221483942,0.0586881472957422,0.0986717267552182,0.103448275862069,0.152995927865038,0.125,0.05,0.130268199233716,0.161907327586207,0.168143044619423,0.165990876837304,0.158121871223891,0.0531914893617021,0.139240506329114,0.168855534709193,0.160381524331008,0.16791735698275,0.168872866557765,0.169719243282323,0.0740740740740741,0.158524426719841,0.0749148694665153,0.0625,0.136948529411765,0.100987354928114,0.0654044750430293,0.0612244897959184,0.0961538461538462,0.161985759493671,0.154439252336449,"Drugs","Betalactams"
"Biguanide_resistance",0.00100857286938981,0,0,0.00149532710280374,0.000815660685154976,0,0.00181323662737987,0.000631811720107408,0,0.00106837606837607,0.00020574015019031,0.00077384407041981,0,0.00114187838995147,0.000896700143472023,0.00100637370010064,0,0.000917641660931406,0,0.0003933910306845,0,0,0,0.00128122998078155,0,0.000661485033901108,0.000639318060735216,0.00218221494817239,0.00220994475138122,0.00096325856612082,0.000384837406195882,0.00174003828084218,0,0,0.000734484024972457,0.00187265917602996,0,0.00186219739292365,0.000563936275200902,0.0020703933747412,0,0,0.000895054822107854,0.00108794197642792,0,0.00107353730542136,0,0,0,0.000184365781710914,0,0,0.000860400086040009,0.000622388192406864,0,0.00389863547758285,0,0,0,0.00230149597238205,0,0,0.00116346713205352,0,0,0,0.00134698275862069,0.000984251968503937,0.000760263558033452,0.00103573278094252,0,0,0.00101626016260163,0.000706526538903118,0.000584738329597505,0.000675942094293922,0.00060248222677431,0,0.000398803589232303,0,0,0.00367647058823529,0.000346440325653906,0,0,0,0.000395569620253165,0.00186915887850467,"Biocides","Biguanide_resistance"
"Biocide_and_metal_resistance",0.0221886031265759,0,0.0129032258064516,0.0186915887850467,0.0157014681892333,0.0256410256410256,0.0308250226654578,0.0194282103933028,0.0606060606060606,0.0249287749287749,0.0204711449439358,0.0218610949893596,0,0.0225520982015415,0.0199067431850789,0.0192888292519289,0.0191740412979351,0.0135352144987382,0.0459770114942529,0.020194072908471,0.0421052631578947,0,0.0413961038961039,0.0196455263719838,0.0303030303030303,0.019431122870845,0.0223761321257325,0.0272776868521549,0.0375690607734807,0.0208476675381863,0.0240523378872426,0.0196624325735166,0.0202020202020202,0.0377358490566038,0.0198310686742563,0.0249687890137328,0.0284697508896797,0.0279329608938548,0.0191738333568307,0.0201863354037267,0.00943396226415094,0.0555555555555556,0.0201387334974267,0.0188576609247507,0.0322966507177034,0.011808910359635,0.0217391304347826,0.0343450479233227,0.0142450142450142,0.0229535398230088,0.0469483568075117,0.00767263427109974,0.0207571520757152,0.020360985151596,0.0240601503759398,0.0233918128654971,0.0422018348623853,0.0245775729646697,0.0431893687707641,0.0391254315304948,0.0360531309297913,0.0344827586206897,0.0191972076788831,0,0.05,0.0153256704980843,0.0171066810344828,0.0145997375328084,0.0215408008109478,0.0206283445537718,0.0425531914893617,0.0253164556962025,0.0211851156973108,0.0201360063587388,0.0199785595945814,0.0190953641638033,0.0192794312567779,0.0267489711934156,0.0167497507477567,0.0249716231555051,0.0625,0.0110294117647059,0.00675558635025117,0.0309810671256454,0,0.00961538461538462,0.0174050632911392,0.0151869158878505,"Multi-compound","Biocide_and_metal_resistance"
"Cadmium_resistance",0,0,0,0,0,0,0,0.000315905860053704,0,0,0.00020574015019031,0,0,0,0,0.000335457900033546,0,0.000458820830465703,0,0.00019669551534225,0,0,0,0,0,0.000165371258475277,0.000426212040490144,0,0,0.000275216733177377,0,0,0,0,0.000367242012486228,0.000624219725343321,0,0.0037243947858473,0.000140984068800226,0,0,0,0,0.000362647325475975,0,0,0,0,0,0.000184365781710914,0,0,0.000645300064530006,0.000311194096203432,0,0,0,0,0,0,0,0,0,0,0,0,0.000269396551724138,0.000328083989501312,0,0.000345244260314172,0,0,0.000390869293308318,0.000529894904177338,0.000341097358931878,0.000225314031431307,0.000240992890709724,0,0,0,0,0,0.000866100814134765,0,0,0,0.000395569620253165,0,"Metals","Cadmium_resistance"
"Cationic Antimicrobial Peptides",0.00302571860816944,0,0,0.00373831775700935,0.00774877650897227,0,0.0163191296464189,0.00916126994155742,0.0121212121212121,0.0089031339031339,0.00894969653327847,0.00657767459856839,0,0.00570939194975735,0.00699426111908178,0.00872190540087219,0.00884955752212389,0.00734113328745125,0.0229885057471264,0.00576973511670601,0,0.0289855072463768,0.0211038961038961,0.00640614990390775,0.0454545454545455,0.00603605093434761,0.0083111347895578,0.00763775231860338,0.0220994475138122,0.00715563506261181,0.00788916682701559,0.00765616843570559,0.0404040404040404,0,0.00881380829966948,0.00655430711610487,0.0284697508896797,0.00931098696461825,0.00620329902720993,0.0072463768115942,0.00943396226415094,0.00854700854700855,0.00671291116580891,0.00507706255666364,0.0155502392344498,0.00751476113794954,0.0217391304347826,0.0351437699680511,0.00854700854700855,0.00719026548672566,0.028169014084507,0.00767263427109974,0.00763605076360508,0.00613496932515338,0.0255639097744361,0.0194931773879142,0.0229357798165138,0.0230414746543779,0.0232558139534884,0.0149597238204833,0.0189753320683112,0,0.00465386852821408,0,0.05,0.0114942528735632,0.00754310344827586,0.00590551181102362,0.00785605676634567,0.00509235283963404,0,0,0.00719199499687305,0.00644705466749095,0.00652957801383881,0.00687207795865487,0.00650680804916255,0.0380658436213992,0.00319042871385842,0.0170261066969353,0,0.0147058823529412,0.00242508227957734,0.0240963855421687,0,0.0192307692307692,0.00593354430379747,0.00817757009345794,"Drugs","Cationic Antimicrobial Peptides"
"Chromium Resistance",0.00504286434694907,0,0.0129032258064516,0.00672897196261682,0.0032626427406199,0.00854700854700855,0.00362647325475975,0.00537039962091297,0.0121212121212121,0.00356125356125356,0.00390906285361588,0.00309537628167924,0,0.00413930916357408,0.00269010043041607,0.00335457900033546,0.00589970501474926,0.00321174581325992,0,0.00321269341725675,0,0,0.00324675324675325,0.00363015161221439,0,0.00347279642798082,0.00255727224294086,0.0010911074740862,0.00220994475138122,0.00233934223200771,0.00538772368674235,0.00348007656168436,0.0202020202020202,0,0.00440690414983474,0.0031210986267166,0.00711743772241993,0.00931098696461825,0.00352460172000564,0.0020703933747412,0.0283018867924528,0.00854700854700855,0.00290892817185053,0.00362647325475975,0.0167464114832536,0.00161030595813205,0,0.00718849840255591,0.00284900284900285,0.00350294985250737,0,0.00255754475703325,0.00408690040869004,0.00373432915444118,0.00601503759398496,0.00779727095516569,0.0091743119266055,0,0.00664451827242525,0.00690448791714614,0.00189753320683112,0,0.00814426992437464,0,0,0.00766283524904215,0.00363685344827586,0.00459317585301837,0.00456158134820071,0.00310719834282755,0,0,0.00383051907442151,0.00441579086814448,0.00433680927784816,0.002929082408607,0.00373538980600072,0.00308641975308642,0.00398803589232303,0.00794551645856981,0,0.00183823529411765,0.00103932097696172,0.0103270223752151,0,0,0.00435126582278481,0.00420560747663551,"Metals","Chromium Resistance"
"Cobalt Resistance",0,0,0,0.00186915887850467,0.00203915171288744,0,0,0.000947717580161112,0,0.000356125356125356,0.00154305112642732,0.00154768814083962,0,0.000856408792463603,0.000717360114777618,0.00201274740020127,0,0.000917641660931406,0,0.00111460792027275,0,0,0,0.00170830664104207,0,0.00124028443856458,0.000639318060735216,0.0010911074740862,0,0.0012384752992982,0.000769674812391764,0.000696015312336871,0,0,0.000734484024972457,0.00124843945068664,0,0,0.000704920344001128,0.0020703933747412,0,0,0,0.000725294650951949,0,0.000536768652710682,0,0,0,0.0012905604719764,0,0,0.00118305011830501,0.000755757090779763,0,0,0,0,0,0,0,0,0,0,0,0,0.00202047413793103,0.000984251968503937,0.000760263558033452,0.00129466597617815,0,0,0.000938086303939962,0.00105978980835468,0.000438553747198129,0.000675942094293922,0.000843475117484034,0,0.000398803589232303,0,0,0.00183823529411765,0,0,0,0,0.00237341772151899,0.0014018691588785,"Metals","Cobalt Resistance"
"Copper Resistance",0.0514372163388805,0.0238095238095238,0.0387096774193548,0.0568224299065421,0.0548531810766721,0.0598290598290598,0.0326382592928377,0.0510187963986732,0.0484848484848485,0.0548433048433048,0.0470116243184857,0.0518475527181273,0.0307692307692308,0.0523836711390237,0.0477044476327116,0.0524991613552499,0.0486725663716814,0.0591878871300757,0.0574712643678161,0.0513375295043273,0.0105263157894737,0.0289855072463768,0.0422077922077922,0.0456972026478753,0.0303030303030303,0.0511824044980982,0.053276505061268,0.0545553737043099,0.050828729281768,0.0478877115728636,0.0581104483355782,0.0488950756916652,0.0202020202020202,0.0471698113207547,0.0438854204921043,0.0458801498127341,0.0533807829181495,0.0391061452513967,0.0533624700408854,0.0502070393374741,0.0566037735849057,0.0598290598290598,0.0481091966882972,0.0513145965548504,0.0478468899521531,0.0499194847020934,0.0869565217391304,0.0519169329073482,0.0512820512820513,0.0515302359882006,0.0375586854460094,0.0460358056265985,0.0515164551516455,0.0514359384724815,0.0631578947368421,0.0779727095516569,0.0504587155963303,0.0522273425499232,0.0409745293466224,0.0425776754890679,0.0407969639468691,0,0.0477021524141943,0.0357142857142857,0.05,0.0363984674329502,0.0538793103448276,0.0442913385826772,0.0497972630511911,0.0504919730709477,0.0212765957446809,0.0632911392405063,0.0510475297060663,0.0525479113309194,0.0493129324627229,0.0510336281191911,0.0510302446077841,0.0246913580246914,0.0506480558325025,0.0408626560726447,0,0.0551470588235294,0.0320457301229863,0.0464716006884682,0.0408163265306122,0.0576923076923077,0.0435126582278481,0.05,"Metals","Copper Resistance"
"Drug and Biocide and Metal Resistance",0.0146243066061523,0,0.0258064516129032,0.0153271028037383,0.018352365415987,0.0192307692307692,0.0806890299184043,0.0186384457431685,0.0848484848484849,0.0165598290598291,0.0151219010389878,0.0129618881795318,0,0.0155580930630888,0.0173959827833572,0.0142569607514257,0,0.0160587290662996,0,0.0147521636506688,0.0421052631578947,0.0869565217391304,0.073051948051948,0.0155882980995089,0.0151515151515152,0.0156275839259137,0.0158763985082579,0.0174577195853792,0.0795580110497238,0.0134168157423971,0.0125072157013662,0.013572298590569,0.0202020202020202,0,0.0124862284245318,0.016541822721598,0.0711743772241993,0.0484171322160149,0.0167771041872268,0.0113871635610766,0.0990566037735849,0.0384615384615385,0.0167822779145223,0.014143245693563,0.076555023923445,0.0107353730542136,0.0217391304347826,0.0822683706070288,0.0256410256410256,0.0136430678466077,0.0563380281690141,0.0255754475703325,0.0152721015272102,0.0148039477193918,0.0842105263157895,0.0565302144249513,0.0724770642201835,0.0691244239631336,0.0764119601328904,0.0701956271576525,0.0815939278937381,0.103448275862069,0.00930773705642816,0.0535714285714286,0.05,0.0574712643678161,0.0164331896551724,0.0134514435695538,0.0158388241256969,0.0143276368030381,0.0212765957446809,0.0506329113924051,0.0143058161350844,0.0143071624127881,0.0151057401812689,0.0164479242944854,0.0142788287745512,0.0751028806584362,0.0133599202392822,0.0465380249716232,0.0625,0.0128676470588235,0.00796812749003984,0.0688468158347676,0.0612244897959184,0.0673076923076923,0.0158227848101266,0.0128504672897196,"Multi-compound","Drug and Biocide and Metal Resistance"
"Drug and Biocide Resistance",0.196167423096319,0.119047619047619,0.148387096774194,0.194392523364486,0.218800978792822,0.145299145299145,0.204895738893926,0.200758174064129,0.16969696969697,0.207264957264957,0.211295134245448,0.197910621009866,0.246153846153846,0.205395375392521,0.20642037302726,0.204964776920496,0.131268436578171,0.193622390456527,0.229885057471264,0.205284552845529,0.147368421052632,0.304347826086956,0.212662337662338,0.2152466367713,0.151515151515152,0.203572019183066,0.21470431539691,0.189852700490998,0.225414364640884,0.205862116416678,0.204733500096209,0.222028884635462,0.212121212121212,0.19811320754717,0.216489166360632,0.216292134831461,0.249110320284698,0.227188081936685,0.211335119131538,0.22463768115942,0.283018867924528,0.222222222222222,0.212351756545088,0.209428830462375,0.204545454545455,0.223832528180354,0.130434782608696,0.216453674121406,0.128205128205128,0.206950589970501,0.192488262910798,0.124040920716113,0.212626371262637,0.212101004712368,0.201503759398496,0.173489278752437,0.229357798165138,0.270353302611367,0.208194905869324,0.256616800920599,0.22011385199241,0.137931034482759,0.215823152995928,0.0982142857142857,0.15,0.153256704980843,0.210668103448276,0.208825459317585,0.205271160669032,0.215173485240808,0.223404255319149,0.0632911392405063,0.20723889931207,0.208866908063234,0.208020660754312,0.207683208471808,0.208217857573202,0.241769547325103,0.221335992023928,0.233825198637911,0.125,0.192095588235294,0.06651654252555,0.220309810671257,0.142857142857143,0.153846153846154,0.21004746835443,0.215654205607477,"Multi-compound","Drug and Biocide Resistance"
"Drug_and_metal_resistance",0,0,0,0,0.000815660685154976,0,0.00181323662737987,0.00157952930026852,0,0,0.00102870075095155,0.000386922035209905,0,0.000570939194975735,0,0.000335457900033546,0.00294985250737463,0.000458820830465703,0,0.000524521374246,0,0,0,0.000427076660260517,0,0.000496113775425831,0.000639318060735216,0.00218221494817239,0,0.000688041832943443,0.000769674812391764,0.000348007656168436,0,0,0.00110172603745869,0.00124843945068664,0,0,0.000422952206400677,0.0010351966873706,0,0,0.00134258223316178,0,0,0,0,0,0.00284900284900285,0.000553097345132743,0,0,0.000430200043020004,0.00071130079132213,0.00300751879699248,0,0,0,0,0,0.00189753320683112,0,0.00116346713205352,0,0,0,0.00107758620689655,0.000984251968503937,0.000760263558033452,0.00103573278094252,0,0,0.000469043151969981,0.000883158173628897,0.000584738329597505,0.00090125612572523,0.000722978672129172,0,0.00119641076769691,0,0,0,0.000346440325653906,0,0,0,0.000791139240506329,0.000467289719626168,"Multi-compound","Drug_and_metal_resistance"
"Fluoroquinolones",0.00504286434694907,0,0.0129032258064516,0.00747663551401869,0.00938009787928222,0.00854700854700855,0,0.0075817406412889,0,0.0097934472934473,0.0104927476597058,0.00657767459856839,0,0.00685127033970882,0.0111190817790531,0.00670915800067092,0.00589970501474926,0.00596467079605414,0,0.00950694990820876,0,0,0,0.00640614990390775,0,0.00950884736232843,0.00660628662759723,0.00763775231860338,0.00662983425414365,0.0113526902435668,0.00962093515489706,0.00765616843570559,0,0,0.00734484024972457,0.00561797752808989,0,0,0.0102918370224165,0.0031055900621118,0,0,0.00805549339897069,0.00906618313689937,0.00717703349282297,0.00644122383252818,0.0217391304347826,0.00159744408945687,0.0056980056980057,0.00682153392330383,0.00938967136150235,0.0051150895140665,0.00699075069907507,0.0120476571530186,0,0.00389863547758285,0.0018348623853211,0,0.00221483942414175,0,0,0,0.00232693426410704,0,0,0.00383141762452107,0.00835129310344828,0.0108267716535433,0.00836289913836797,0.0102710167443466,0,0,0.00945903689806129,0.0094497924578292,0.0117922229802164,0.00940686081225708,0.0115676587540668,0.00205761316872428,0.00638085742771685,0,0,0.00367647058823529,0.00103932097696172,0,0,0,0.00909810126582278,0.00700934579439252,"Drugs","Fluoroquinolones"
"Fosfomycin",0.00605143721633888,0,0,0.00299065420560748,0.0032626427406199,0,0.00181323662737987,0.00505449376085926,0,0.00284900284900285,0.0043205431539965,0.00522344747533372,0,0.00542392235226948,0.00358680057388809,0.0043609527004361,0.00589970501474926,0.00321174581325992,0,0.004196170993968,0,0,0,0.00213538330130258,0,0.00545725152968414,0.00362280234416622,0.00327332242225859,0,0.00529792211366451,0.00461804887435059,0.00382808421785279,0,0,0.00495776716856408,0.00436953807740325,0,0,0.00465247427040744,0,0,0.00854700854700855,0.00358021928843142,0.00398912058023572,0,0.00429414922168545,0,0.0023961661341853,0,0.00488569321533923,0,0.00255754475703325,0.00645300064530006,0.00404552325064462,0,0,0,0,0.00221483942414175,0.0046029919447641,0.00284629981024668,0,0.00465386852821408,0,0,0.00383141762452107,0.00363685344827586,0.00311679790026247,0.00582868727825646,0.00612808562057656,0,0,0.00476860537836148,0.00415084341605582,0.00380079914238378,0.0054638652622092,0.00397638269671045,0,0.00418743768693918,0.00227014755959137,0,0.00367647058823529,0.00155898146544258,0,0,0,0.00316455696202532,0.00397196261682243,"Drugs","Fosfomycin"
"Fusidic_acid",0.00201714573877963,0,0,0.00336448598130841,0.00244698205546493,0,0,0.0036329173906176,0.0121212121212121,0.0032051282051282,0.00226314165209341,0.0036757593344941,0,0.00314016557236654,0.000717360114777618,0.00301912110030191,0,0.00229410415232852,0,0.00190138998164175,0,0,0,0.00128122998078155,0,0.00165371258475277,0.00277037826318593,0,0,0.00206412549883033,0.00153934962478353,0.00208804593701061,0,0,0.00220345207491737,0.00124843945068664,0,0,0.00176230086000282,0.0010351966873706,0,0,0.00179010964421571,0.000725294650951949,0,0.00214707461084273,0,0,0.00284900284900285,0.00276548672566372,0.00938967136150235,0,0.00182835018283502,0.00204498977505112,0,0,0.0018348623853211,0,0,0,0,0,0.00232693426410704,0,0.05,0.00383141762452107,0.00161637931034483,0.00229658792650919,0.00380131779016726,0.0018125323666494,0.0212765957446809,0,0.00140712945590994,0.00229621125143513,0.00141311762986064,0.00163352672787698,0.0017471984576455,0,0.00199401794616152,0,0,0,0.00103932097696172,0,0,0.0192307692307692,0.000395569620253165,0.0014018691588785,"Drugs","Fusidic_acid"
"Glycopeptides",0.0171457387796268,0,0.0129032258064516,0.0261682242990654,0.017536704730832,0.0170940170940171,0.00181323662737987,0.0156373400726583,0,0.0190527065527066,0.0209854953194116,0.0220545560069646,0.0615384615384615,0.0204110762203825,0.0208034433285509,0.019959745051996,0.0117994100294985,0.0192704748795595,0,0.0172436401783373,0.0210526315789474,0,0,0.019004911381593,0.0151515151515152,0.0222424342649248,0.020671283963772,0.0196399345335516,0.00441988950276243,0.0213981010045411,0.0180873580912065,0.0189664172611798,0.0202020202020202,0.0188679245283019,0.0185457216305545,0.0265293383270911,0,0,0.0198082616664317,0.0165631469979296,0.00943396226415094,0.0170940170940171,0.0149921682703066,0.0183136899365367,0.00717703349282297,0.0230810520665593,0.0217391304347826,0.00479233226837061,0.0170940170940171,0.0180678466076696,0.0187793427230047,0.020460358056266,0.0182835018283502,0.0201831599537654,0,0.0194931773879142,0.0055045871559633,0.00921658986175115,0.00221483942414175,0.0046029919447641,0.00379506641366224,0,0.0226876090750436,0.0357142857142857,0.05,0.0114942528735632,0.0196659482758621,0.0221456692913386,0.0187531677648251,0.0176937683411013,0,0,0.0222013758599124,0.0211957961670935,0.0177370626644577,0.0198839632738129,0.0179539703578744,0,0.0183449651046859,0.00227014755959137,0,0.0248161764705882,0.0140308331889832,0.0103270223752151,0.0204081632653061,0.0192307692307692,0.0181962025316456,0.0172897196261682,"Drugs","Glycopeptides"
"Gold_resistance",0.00100857286938981,0,0,0,0.000815660685154976,0,0,0.000315905860053704,0,0.00106837606837607,0.00020574015019031,0,0,0.000285469597487868,0.000358680057388809,0,0,0,0,0.000262260687123,0,0,0,0.000427076660260517,0,0.000330742516950554,0,0.0010911074740862,0,0.000137608366588689,0,0.000348007656168436,0,0,0,0.00124843945068664,0,0,0.000140984068800226,0,0,0,0.000447527411053927,0.000362647325475975,0,0.00107353730542136,0,0.00159744408945687,0,0.000553097345132743,0,0,0,0.000177825197830533,0,0,0,0,0,0.00230149597238205,0,0,0,0,0,0,0.000538793103448276,0,0,0,0,0,0.000312695434646654,0.000176631634725779,0.000292369164798753,0.000225314031431307,0.000301241113387155,0,0,0,0,0,0,0,0,0,0,0,"Metals","Gold_resistance"
"Iron_resistance",0.0171457387796268,0.0357142857142857,0.0129032258064516,0.0168224299065421,0.0169249592169657,0.0235042735042735,0.00543970988213962,0.0150055283525509,0,0.0156695156695157,0.018619483592223,0.0187657187076804,0,0.0131316014844419,0.0139885222381636,0.014760147601476,0.0176991150442478,0.0149116769901354,0,0.0154078153684763,0.0210526315789474,0.0144927536231884,0,0.011531069827034,0.0151515151515152,0.0133123863072598,0.0159829515183804,0.0125477359519913,0,0.0158937663409935,0.0165480084664229,0.0165303636680007,0.0202020202020202,0,0.0148733015056923,0.0134207240948814,0.00711743772241993,0,0.016847596221627,0.020703933747412,0.00943396226415094,0,0.0143208771537257,0.0132366273798731,0,0.0112721417069243,0,0,0.0170940170940171,0.0162241887905605,0.0187793427230047,0.00383631713554987,0.0154872015487202,0.0165377433982395,0,0.00389863547758285,0,0,0,0.00115074798619102,0,0,0.0174520069808028,0,0,0.00766283524904215,0.0164331896551724,0.0123031496062992,0.0162189559047136,0.0146728810633523,0.0212765957446809,0,0.0129768605378361,0.0141305307780624,0.013595166163142,0.0144200980116037,0.0137968429931317,0.00205761316872428,0.0173479561316052,0,0,0.00827205882352941,0.0135111727005023,0,0,0,0.0116693037974684,0.0126168224299065,"Metals","Iron_resistance"
"Lead_resistance",0.00504286434694907,0,0,0.00710280373831776,0.00550570962479608,0.00427350427350427,0.00181323662737987,0.00631811720107408,0,0.00516381766381766,0.00534924390494805,0.00677113561617334,0,0.00685127033970882,0.00609756097560976,0.00335457900033546,0.00294985250737463,0.00458820830465703,0,0.00386834513506425,0,0,0,0.00384368994234465,0,0.00587067967587233,0.00426212040490144,0.00763775231860338,0.00441988950276243,0.00509150956378148,0.00634981720223206,0.00417609187402123,0,0,0.00403966213734851,0.00624219725343321,0,0.0037243947858473,0.00542788664880869,0.0041407867494824,0,0,0.0049228015215932,0.00652765185856754,0,0.00214707461084273,0,0,0.00284900284900285,0.00405604719764012,0,0.0051150895140665,0.00494730049473005,0.00595714412732284,0,0,0.0018348623853211,0,0,0,0,0,0.00523560209424084,0,0,0.00383141762452107,0.00511853448275862,0.005249343832021,0.00658895083628991,0.00448817538408424,0,0,0.00531582238899312,0.00485736995495893,0.00579865510184193,0.00473159466005746,0.0052415953729365,0,0.00398803589232303,0,0,0.0110294117647059,0.00207864195392344,0,0,0,0.00375791139240506,0.00654205607476636,"Metals","Lead_resistance"
"Lipopeptides",0,0,0,0.00149532710280374,0.000815660685154976,0.00427350427350427,0.00181323662737987,0.000947717580161112,0,0.000356125356125356,0.000617220450570929,0.00077384407041981,0,0.000856408792463603,0.00143472022955524,0.000670915800067092,0,0.000458820830465703,0,0.001049042748492,0,0,0,0.00128122998078155,0,0.000826856292376385,0.0014917421417155,0,0.00220994475138122,0.00137608366588689,0.00153934962478353,0.00208804593701061,0,0.0188679245283019,0.000367242012486228,0,0.00711743772241993,0,0.000845904412801354,0.0020703933747412,0,0,0.000895054822107854,0.00217588395285585,0,0.00107353730542136,0,0,0,0.0012905604719764,0,0.00767263427109974,0.00193590019359002,0.000978038588067929,0,0.0116959064327485,0,0,0,0,0.00189753320683112,0,0.00116346713205352,0,0,0,0.000808189655172414,0.000656167979002625,0.0010136847440446,0.00138097704125669,0,0,0.000938086303939962,0.000706526538903118,0.000974563882662509,0.00180251225145046,0.000722978672129172,0,0.00159521435692921,0.00227014755959137,0,0,0.00329118309371211,0,0,0,0,0.00186915887850467,"Drugs","Lipopeptides"
"Mercury Resistance",0.0201714573877963,0.0119047619047619,0,0.0224299065420561,0.0201876019575856,0.0128205128205128,0.00181323662737987,0.0162691517927658,0,0.0183404558404558,0.017282172615986,0.0208937899013349,0,0.0139880102769055,0.0215208034433285,0.0171083529017108,0.00884955752212389,0.0192704748795595,0,0.017571466037241,0,0,0.00162337662337662,0.0194319880418535,0,0.0184388953199934,0.01470431539691,0.0141843971631206,0.00331491712707182,0.0173386541901748,0.0136617279199538,0.016008352183748,0,0.0188679245283019,0.0167095115681234,0.019350811485643,0.00711743772241993,0.0037243947858473,0.0186803891160299,0.020703933747412,0,0,0.0152159319758335,0.0194016319129646,0,0.0161030595813204,0,0.00319488817891374,0,0.0181600294985251,0,0.0127877237851662,0.0182835018283502,0.0197830532586467,0.00601503759398496,0.00779727095516569,0,0,0.00221483942414175,0.00345224395857307,0,0.0344827586206897,0.0221058755090169,0.0178571428571429,0.05,0.00766283524904215,0.0192618534482759,0.0142716535433071,0.018499746578814,0.0176074572760228,0,0,0.0161038148843027,0.0181930583767553,0.0194912776532502,0.0179687940066468,0.0160260272321966,0.00205761316872428,0.0185443668993021,0.00227014755959137,0,0.0147058823529412,0.00381084358219297,0.00344234079173838,0,0,0.0181962025316456,0.0130841121495327,"Metals","Mercury Resistance"
"Metronidazole",0.00100857286938981,0,0,0.000747663551401869,0,0,0,0,0,0,0.000617220450570929,0,0,0.000285469597487868,0.00107604017216643,0,0,0.00137646249139711,0,0.001311303435615,0,0,0,0,0,0.000661485033901108,0.000426212040490144,0.0010911074740862,0,0.000550433466354754,0.00115451221858765,0.000348007656168436,0,0,0.000734484024972457,0,0,0,0.000281968137600451,0.0010351966873706,0,0,0.000895054822107854,0.00217588395285585,0,0.00214707461084273,0,0,0,0.000368731563421829,0,0,0.000645300064530006,0.000622388192406864,0,0,0,0,0,0,0,0,0,0,0,0,0.00134698275862069,0.000656167979002625,0.000760263558033452,0.000345244260314172,0,0,0.000781738586616635,0.000883158173628897,0.00116947665919501,0.000788599110009576,0.000722978672129172,0,0.00159521435692921,0,0,0,0.000346440325653906,0,0,0,0,0.000467289719626168,"Drugs","Metronidazole"
"MLS",0.0504286434694907,0.0238095238095238,0.0387096774193548,0.0504672897196262,0.0432300163132137,0.0405982905982906,0.00906618313689937,0.0407518559469278,0.0121212121212121,0.041488603988604,0.0407365497376813,0.0417875798026698,0.0615384615384615,0.0383956608621182,0.0455523672883788,0.0426031533042603,0.0265486725663717,0.0433585684790089,0.0459770114942529,0.0399291896144768,0.0105263157894737,0.0289855072463768,0.00324675324675325,0.0463378176382661,0.0454545454545455,0.0412601289895816,0.0381459776238679,0.0490998363338789,0.00662983425414365,0.0403192514104858,0.0465653261497017,0.0372368192100226,0.0606060606060606,0.0566037735849057,0.0429673154608887,0.0480649188514357,0.0142348754448399,0.0037243947858473,0.0386296348512618,0.0496894409937888,0,0.0427350427350427,0.036697247706422,0.042248413417951,0,0.0461621041331186,0,0.00319488817891374,0.0384615384615385,0.0414823008849558,0.0375586854460094,0.0652173913043478,0.0439879543987954,0.0376100293411576,0.00300751879699248,0.0272904483430799,0.0055045871559633,0.00307219662058372,0.0132890365448505,0.00690448791714614,0.00284629981024668,0,0.0401396160558464,0.0803571428571428,0.05,0.0229885057471264,0.0406788793103448,0.0424868766404199,0.0421946274708566,0.0386673571551873,0.0638297872340425,0.126582278481013,0.0402595372107567,0.0363861167535106,0.0398109346067635,0.0385286993747536,0.0383178696228461,0,0.0430707876370887,0.00681044267877412,0,0.0514705882352941,0.0265026849125238,0,0.0204081632653061,0.0288461538461538,0.0385680379746835,0.0411214953271028,"Drugs","MLS"
"Multi-biocide Resistance",0.0443772062531518,0.0952380952380952,0.0387096774193548,0.0485981308411215,0.0540375203915171,0.0213675213675214,0.0689029918404352,0.053388090349076,0.0424242424242424,0.0445156695156695,0.044542742516202,0.0464306442251886,0.0615384615384615,0.0533828147302312,0.0471664275466284,0.0459577323045958,0.0427728613569322,0.0497820601055288,0,0.047469184369263,0.0631578947368421,0.0579710144927536,0.0641233766233766,0.045483664317745,0.0303030303030303,0.0444021829006119,0.0447522642514651,0.0414620840152755,0.0552486187845304,0.0433466354754369,0.0511833750240523,0.0549852096746129,0,0.0660377358490566,0.0446199045170768,0.0493133583021224,0.0498220640569395,0.0707635009310987,0.0447624418440716,0.0367494824016563,0.0566037735849057,0.0512820512820513,0.0478854329827702,0.0504079782411605,0.0514354066985646,0.0552871712292002,0.0434782608695652,0.0391373801916933,0.0811965811965812,0.0432337758112094,0.0751173708920188,0.040920716112532,0.0447408044740805,0.044589668356006,0.043609022556391,0.0565302144249513,0.0431192660550459,0.0583717357910906,0.0476190476190476,0.0437284234752589,0.062618595825427,0.0689655172413793,0.0564281559045957,0.0357142857142857,0.05,0.0574712643678161,0.046875,0.0497047244094488,0.0476431829700963,0.0483341964439841,0.0851063829787234,0.0506329113924051,0.0460444027517198,0.0499867526273956,0.0456095897086054,0.0466400045062806,0.045005422340041,0.0473251028806584,0.0448654037886341,0.0522133938706016,0.125,0.0551470588235294,0.0180148969340031,0.072289156626506,0.102040816326531,0.0192307692307692,0.0508306962025317,0.0460280373831776,"Biocides","Multi-biocide Resistance"
"Multi-drug Resistance",0.070600100857287,0,0.0387096774193548,0.0557009345794393,0.0666802610114192,0.0555555555555556,0.0190389845874887,0.0729742536724056,0.0181818181818182,0.067485754985755,0.0641909268593766,0.0646159798800542,0.0307692307692308,0.0615186982586355,0.0668938307030129,0.0667561221066756,0.0604719764011799,0.0610231704519385,0.0229885057471264,0.0632048255966431,0.0631578947368421,0,0.023538961038961,0.0719624172538971,0.0606060606060606,0.0611046800066149,0.0651038891848695,0.0687397708674304,0.0243093922651934,0.0608228980322004,0.0700404079276506,0.0763876805289716,0.0404040404040404,0.0471698113207547,0.0699596033786265,0.064294631710362,0.0391459074733096,0.0391061452513967,0.0629493867193007,0.0709109730848861,0.0471698113207547,0,0.0698142761244126,0.0649138712601994,0.0143540669856459,0.0601180891035964,0.0217391304347826,0.0151757188498403,0.0512820512820513,0.0665560471976401,0.0657276995305164,0.0498721227621483,0.0629167562916756,0.0613052369520761,0.0285714285714286,0.0311890838206628,0.0211009174311927,0.0122887864823349,0.035437430786268,0.0241657077100115,0.015180265654649,0.0689655172413793,0.0698080279232112,0.0535714285714286,0,0.0268199233716475,0.0614224137931035,0.0688976377952756,0.0676634566649772,0.0635249438978077,0.0425531914893617,0.0759493670886076,0.0626172607879925,0.064823809944361,0.0608615144722736,0.0623556581986143,0.0641041089287866,0.0308641975308642,0.0644067796610169,0.0408626560726447,0,0.0643382352941177,0.0237311623072926,0.0154905335628227,0.0408163265306122,0.0576923076923077,0.0715981012658228,0.0705607476635514,"Drugs","Multi-drug Resistance"
"Multi-metal Resistance",0.135148764498235,0.178571428571429,0.180645161290323,0.139065420560748,0.126019575856444,0.0769230769230769,0.14233907524932,0.123519191280998,0.133333333333333,0.122685185185185,0.12653019236704,0.122847746179145,0.153846153846154,0.128318584070796,0.131994261119082,0.143408252264341,0.0899705014749263,0.141775636613902,0.114942528735632,0.137096774193548,0.105263157894737,0.144927536231884,0.154220779220779,0.13239376468076,0.0757575757575758,0.13271043492641,0.136920618007459,0.158210583742499,0.124861878453039,0.131760011008669,0.134115836059265,0.128762832782321,0.0909090909090909,0.0754716981132075,0.129269188395152,0.140761548064919,0.103202846975089,0.119180633147114,0.136402086564218,0.128364389233955,0.080188679245283,0.153846153846154,0.147907809353323,0.133091568449683,0.148325358851675,0.152442297369834,0.130434782608696,0.139776357827476,0.0982905982905983,0.115136430678466,0.140845070422535,0.0984654731457801,0.136158313615831,0.137992353516493,0.157894736842105,0.12280701754386,0.128440366972477,0.136712749615975,0.143964562569214,0.138089758342923,0.171726755218216,0.206896551724138,0.120418848167539,0.0714285714285714,0,0.155172413793103,0.127693965517241,0.118766404199475,0.129371515458692,0.140945969273261,0.117021276595745,0.151898734177215,0.132113821138211,0.128499514263005,0.134441087613293,0.131808708387315,0.135498252801542,0.14917695473251,0.12382851445663,0.1577752553916,0.0625,0.145220588235294,0.0509267278711242,0.180722891566265,0.122448979591837,0.0673076923076923,0.138647151898734,0.129439252336449,"Metals","Multi-metal Resistance"
"Mupirocin",0.00806858295511851,0.0238095238095238,0,0.00523364485981308,0.00570962479608483,0.014957264957265,0,0.00568630548096667,0.00606060606060606,0.00445156695156695,0.0052463738298529,0.00502998645772877,0,0.00642306594347702,0.00609756097560976,0.00519959745051996,0.0162241887905605,0.00435879788942418,0,0.004982953055337,0.0315789473684211,0,0,0.00640614990390775,0,0.00570530841739706,0.00362280234416622,0.00327332242225859,0.00552486187845304,0.0054355304802532,0.00577256109293823,0.00504611101444232,0,0,0.00532500918105031,0.00873907615480649,0.00355871886120996,0.00558659217877095,0.00430001409840688,0.0072463768115942,0.00943396226415094,0,0.00358021928843142,0.00598368087035358,0.00239234449760766,0.00107353730542136,0,0,0.0170940170940171,0.00571533923303835,0,0.0115089514066496,0.00451710045171004,0.00453454254467858,0,0.00389863547758285,0.0018348623853211,0,0.0044296788482835,0,0.00189753320683112,0,0.00465386852821408,0,0,0.0191570881226054,0.00646551724137931,0.00442913385826772,0.00506842372022301,0.00474710857931987,0.0638297872340425,0.0253164556962025,0.00359599749843652,0.00476905413759604,0.00428808108371504,0.00433729510505267,0.00512109892758164,0,0.00418743768693918,0,0,0.00919117647058824,0.0523124891737398,0,0,0,0.00494462025316456,0.00373831775700935,"Drugs","Mupirocin"
"Mycobacterium tuberculosis-specific Drug",0.00201714573877963,0,0,0.000747663551401869,0.00122349102773246,0,0,0.00126362344021482,0,0.00178062678062678,0.00102870075095155,0.00077384407041981,0,0.00114187838995147,0.00125538020086083,0.00134183160013418,0.00589970501474926,0.00137646249139711,0,0.0014424337791765,0,0,0,0.000854153320521034,0,0.000992227550851662,0.00138518913159297,0.0010911074740862,0,0.00103206274941516,0.00192418703097941,0.00139203062467374,0,0,0.0012853470437018,0.000624219725343321,0,0,0.00126885661920203,0.0020703933747412,0,0,0.000447527411053927,0.00126926563916591,0,0.00322061191626409,0,0,0,0.00119837758112094,0,0,0.000860400086040009,0.00155597048101716,0,0,0,0,0,0,0,0,0.00116346713205352,0,0,0,0.000538793103448276,0.00131233595800525,0.0010136847440446,0.000863110650785431,0,0,0.00140712945590994,0.00141305307780624,0.00107202027092876,0.00180251225145046,0.00150620556693578,0,0.00199401794616152,0,0,0,0,0,0,0,0.00158227848101266,0.00233644859813084,"Drugs","Mycobacterium tuberculosis-specific Drug"
"Nickel Resistance",0.00504286434694907,0,0.0129032258064516,0.00897196261682243,0.00856443719412724,0.00854700854700855,0.0299184043517679,0.00631811720107408,0.0545454545454545,0.00694444444444445,0.0063779446558996,0.00947958986264268,0.0307692307692308,0.00656580074222095,0.00753228120516499,0.00704461590070446,0.0117994100294985,0.00802936453314981,0.0229885057471264,0.00583530028848676,0.0210526315789474,0.0869565217391304,0.0430194805194805,0.00811445654494982,0,0.00835124855300149,0.00905700586041556,0.00763775231860338,0.0320441988950276,0.00832530617861566,0.00634981720223206,0.00522011484252654,0.0202020202020202,0,0.0077120822622108,0.00749063670411985,0.0462633451957295,0.0148975791433892,0.00704920344001128,0.0082815734989648,0.0518867924528302,0.0341880341880342,0.00604162004922801,0.00725294650951949,0.041866028708134,0.0059044551798175,0,0.0375399361022364,0.00854700854700855,0.00682153392330383,0.0234741784037559,0.0127877237851662,0.00742095074209508,0.00622388192406864,0.037593984962406,0.0116959064327485,0.0394495412844037,0.0399385560675883,0.0509413067552602,0.0356731875719218,0.0407969639468691,0.0344827586206897,0.00930773705642816,0.0178571428571429,0.05,0.0344827586206897,0.00592672413793103,0.00820209973753281,0.00684237202230106,0.00750906266183325,0.0212765957446809,0,0.0075046904315197,0.00750684447584562,0.00706558814930319,0.00709739199008618,0.00795276539342089,0.0360082304526749,0.00877367896311067,0.0249716231555051,0,0.00919117647058824,0.000692880651307812,0.0550774526678141,0.0714285714285714,0.0673076923076923,0.0067246835443038,0.00864485981308411,"Metals","Nickel Resistance"
"Nucleosides",0.00100857286938981,0,0,0.00224299065420561,0.000407830342577488,0,0,0.000631811720107408,0,0.00106837606837607,0.00164592120152248,0.00116076610562972,0,0.00171281758492721,0.00215208034433285,0.00134183160013418,0,0.000917641660931406,0,0.001311303435615,0,0,0,0.000854153320521034,0.0227272727272727,0.000826856292376385,0.000426212040490144,0.00218221494817239,0,0.00116967111600385,0.000769674812391764,0.000696015312336871,0,0,0.000918105031215571,0.00124843945068664,0,0.00186219739292365,0.000704920344001128,0,0,0,0.00134258223316178,0.000725294650951949,0,0.00107353730542136,0,0.00159744408945687,0,0.000553097345132743,0,0,0.00129060012906001,0.0010669511869832,0,0,0,0.00307219662058372,0.00110741971207087,0,0,0,0.00116346713205352,0,0,0,0.000808189655172414,0.00131233595800525,0.0010136847440446,0.0012083549110996,0,0,0.00109443402126329,0.000883158173628897,0.00116947665919501,0.00135188418858784,0.000843475117484034,0,0.00199401794616152,0,0,0.00183823529411765,0.000519660488480859,0,0,0,0.00118670886075949,0.000934579439252336,"Drugs","Nucleosides"
"Peroxide_resistance",0,0,0,0.00149532710280374,0,0,0.00453309156844968,0.000315905860053704,0.0121212121212121,0.000356125356125356,0.000617220450570929,0.00116076610562972,0,0.000570939194975735,0.000717360114777618,0.000670915800067092,0.00442477876106195,0.00137646249139711,0,0.001311303435615,0,0,0.0121753246753247,0.000854153320521034,0.0151515151515152,0.000744170663138746,0.000852424080980288,0.0010911074740862,0.00994475138121547,0.000756846016237787,0.00115451221858765,0.000696015312336871,0,0.0188679245283019,0,0.00124843945068664,0.00711743772241993,0.00186219739292365,0.000704920344001128,0,0,0.00854700854700855,0.000895054822107854,0.000725294650951949,0.00598086124401914,0.00107353730542136,0,0.00399361022364217,0.00284900284900285,0.0012905604719764,0,0.00255754475703325,0.00107550010755001,0.000889125989152663,0.00300751879699248,0.0253411306042885,0.0055045871559633,0.00768049155145929,0.00553709856035437,0.00575373993095512,0.00379506641366224,0,0.00116346713205352,0,0.05,0.00383141762452107,0.000808189655172414,0.000656167979002625,0.000760263558033452,0.00103573278094252,0,0,0.000781738586616635,0.000529894904177338,0.000974563882662509,0.00090125612572523,0.000722978672129172,0.0113168724279835,0.00239282153539382,0.00794551645856981,0,0,0.00121254113978867,0.00172117039586919,0.0204081632653061,0.0192307692307692,0.000395569620253165,0,"Biocides","Peroxide_resistance"
"Phenicol",0.0110943015632879,0,0,0.00672897196261682,0.0097879282218597,0.00427350427350427,0,0.0118464697520139,0.0242424242424242,0.0119301994301994,0.0103898775846106,0.0127684271619269,0,0.00785041393091636,0.00573888091822095,0.00972827910097283,0.0117994100294985,0.0075705437026841,0.0229885057471264,0.0119328612640965,0,0,0.00162337662337662,0.0108904548366432,0.0151515151515152,0.0103357036547048,0.0107618540223761,0.00327332242225859,0.00441988950276243,0.0130039906426311,0.00865884163940735,0.0102662258569689,0,0,0.0121189864120455,0.0131086142322097,0.00711743772241993,0.0037243947858473,0.0102213449880164,0.0124223602484472,0.00943396226415094,0.0170940170940171,0.01253076750951,0.0174070716228468,0.00478468899521531,0.0139559849704777,0,0.00159744408945687,0.0142450142450142,0.0121681415929204,0,0.00767263427109974,0.0106474510647451,0.0117364630568151,0.00300751879699248,0.00779727095516569,0.0036697247706422,0.00307219662058372,0,0.00230149597238205,0.00189753320683112,0,0.012216404886562,0.0357142857142857,0,0.00766283524904215,0.0102370689655172,0.01000656167979,0.00861632032437912,0.0103573278094252,0,0,0.0107879924953096,0.0135123200565221,0.0113536692330182,0.0102517884301245,0.0122906374261959,0.00411522633744856,0.00897308075772682,0,0,0.0183823529411765,0.00363762341936601,0,0,0,0.0116693037974684,0.0107476635514019,"Drugs","Phenicol"
"Phenolic_compound_resistance",0.00605143721633888,0,0,0.00598130841121495,0.0097879282218597,0.00213675213675214,0.0126926563916591,0.00963512873163797,0.0242424242424242,0.0119301994301994,0.00946404690875424,0.0125749661443219,0,0.010705109905795,0.0118364418938307,0.00788326065078833,0.00294985250737463,0.00871759577884836,0.0229885057471264,0.0109493836873853,0,0,0.00487012987012987,0.013239376468076,0,0.00917810484537787,0.0128929142248269,0.0125477359519913,0.00994475138121547,0.00949497729461951,0.00942851645179912,0.0113102488254742,0.0202020202020202,0,0.0089974293059126,0.00873907615480649,0.00711743772241993,0.00931098696461825,0.01247709008882,0.0087991718426501,0.00943396226415094,0,0.0116357126874021,0.00689029918404352,0.0119617224880383,0.00858829844337091,0,0.00479233226837061,0.0113960113960114,0.0109697640117994,0,0.00767263427109974,0.0110776511077651,0.00982484218013693,0.00601503759398496,0.00389863547758285,0.00458715596330275,0.00614439324116743,0.00553709856035437,0.00345224395857307,0.00189753320683112,0,0.00698080279232112,0.0178571428571429,0,0.00766283524904215,0.0123922413793103,0.0111548556430446,0.00988342625443487,0.0104436388745037,0,0,0.0108661663539712,0.00891989755365186,0.0105740181268882,0.012673914268011,0.0119893963128088,0.00411522633744856,0.00797607178464606,0,0.125,0.00643382352941176,0.00467694439632773,0.00344234079173838,0,0,0.0118670886075949,0.0119158878504673,"Biocides","Phenolic_compound_resistance"
"Rifampin",0.00605143721633888,0,0,0.0149532710280374,0.0097879282218597,0.00854700854700855,0.00362647325475975,0.0101089875217185,0,0.011039886039886,0.0127558893117992,0.0127684271619269,0,0.0111333143020268,0.0114777618364419,0.011070110701107,0.0147492625368732,0.0075705437026841,0,0.00813008130081301,0,0,0.00162337662337662,0.013239376468076,0.0151515151515152,0.00909541921614024,0.0111880660628663,0.00490998363338789,0,0.00908215219485345,0.00942851645179912,0.0102662258569689,0,0,0.0121189864120455,0.00530586766541823,0,0,0.00944593260961511,0.0134575569358178,0.00943396226415094,0,0.0107406578652943,0.00906618313689937,0.00239234449760766,0.00966183574879227,0,0,0.0056980056980057,0.0101401179941003,0,0.00255754475703325,0.0095719509571951,0.00840224059749266,0.00300751879699248,0,0,0,0,0,0,0,0.0127981384525887,0,0,0.00383141762452107,0.00767780172413793,0.0106627296587927,0.00912316269640142,0.00975315035387537,0,0,0.00867729831144465,0.00865495010156319,0.00779651106130007,0.00811130513152707,0.00933847451500181,0,0.00837487537387836,0.00227014755959137,0,0.0128676470588235,0.00311796293088516,0.00344234079173838,0,0,0.00929588607594937,0.011214953271028,"Drugs","Rifampin"
"Sodium Resistance",0,0,0.0129032258064516,0,0,0,0.013599274705349,0,0,0,0,0.000386922035209905,0,0,0,0,0,0.000458820830465703,0,0.000262260687123,0.0210526315789474,0,0.0251623376623377,0,0.0151515151515152,0.000661485033901108,0.000213106020245072,0,0.0165745856353591,0.000137608366588689,0.000384837406195882,0.000522011484252654,0,0,0,0.000624219725343321,0.00711743772241993,0.00186219739292365,0.000422952206400677,0.0010351966873706,0.0235849056603774,0.0170940170940171,0,0,0.0215311004784689,0,0.0217391304347826,0.018370607028754,0,0.000184365781710914,0.00938967136150235,0,0,0.000266737796745799,0.0255639097744361,0.0194931773879142,0.0192660550458716,0.0153609831029186,0.0221483942414175,0.0126582278481013,0.0284629981024668,0.0172413793103448,0,0,0,0.00766283524904215,0.000538793103448276,0,0.000253421186011151,0.000345244260314172,0,0,0,0.000176631634725779,9.74563882662509e-05,0.000112657015715654,0,0.0216049382716049,0.000398803589232303,0.0249716231555051,0,0,0.000692880651307812,0.0206540447504303,0.0204081632653061,0.0192307692307692,0,0,"Metals","Sodium Resistance"
"Sulfonamides",0.00201714573877963,0,0,0,0.00203915171288744,0.0235042735042735,0.00362647325475975,0.000947717580161112,0,0.00178062678062678,0.00267462195247403,0.00232153221125943,0,0.00199828718241507,0.00215208034433285,0.00234820530023482,0.0265486725663717,0.00229410415232852,0,0.002360346184107,0,0.0144927536231884,0,0.000854153320521034,0.0303030303030303,0.00264594013560443,0.00213106020245072,0.0010911074740862,0.00220994475138122,0.00454107609742672,0.00115451221858765,0.00174003828084218,0,0.00943396226415094,0.00110172603745869,0.00124843945068664,0,0.0614525139664805,0.000986888481601579,0.0010351966873706,0,0,0.00134258223316178,0.000725294650951949,0.00478468899521531,0.00107353730542136,0.0217391304347826,0,0.0113960113960114,0.00165929203539823,0,0.0230179028132992,0.000215100021510002,0.00195607717613586,0,0.0155945419103314,0.0018348623853211,0,0,0,0,0,0,0.0178571428571429,0,0.00383141762452107,0.000808189655172414,0.000984251968503937,0.0010136847440446,0.00207146556188503,0,0.0126582278481013,0.00125078173858662,0.00176631634725779,0.00253386609492252,0.00225314031431307,0.00192794312567779,0.00411522633744856,0.000398803589232303,0,0,0.00183823529411765,0.00640914602459726,0,0,0.0192307692307692,0.00178006329113924,0.000467289719626168,"Drugs","Sulfonamides"
"Tellurium_resistance",0.00403429147755925,0,0,0.00261682242990654,0.0032626427406199,0.00427350427350427,0,0.00552835255093982,0,0.00694444444444444,0.00452628330418681,0.00425614238730896,0,0.00428204396231801,0.00484218077474892,0.00553505535055351,0.00884955752212389,0.00481761871988988,0,0.0048518227117755,0,0.0289855072463768,0,0.00363015161221439,0.0151515151515152,0.00463039523730776,0.00618007458710709,0.00327332242225859,0,0.00502270538048713,0.00711949201462382,0.00556812249869497,0,0,0.00587587219977965,0.00749063670411985,0.00711743772241993,0.0037243947858473,0.00634428309601015,0.0020703933747412,0,0,0.0049228015215932,0.00471441523118767,0.00239234449760766,0.00644122383252818,0,0.00399361022364217,0.00854700854700855,0.00626843657817109,0.00938967136150235,0.0051150895140665,0.00526995052699505,0.00515693073708545,0,0.00389863547758285,0,0,0,0.00230149597238205,0,0,0.00465386852821408,0,0,0.00766283524904215,0.00511853448275862,0.00492125984251968,0.00481500253421186,0.00483341964439841,0,0,0.00641025641025641,0.00547558067649916,0.0057499269077088,0.0060834788486453,0.0052415953729365,0.00205761316872428,0.00598205383848455,0,0.0625,0.00919117647058824,0.00311796293088516,0,0,0,0.00415348101265823,0.00747663551401869,"Metals","Tellurium_resistance"
"Tetracenomycin",0.00100857286938981,0,0,0.000747663551401869,0.00203915171288744,0.00854700854700855,0.00181323662737987,0.00205338809034908,0,0.00178062678062678,0.00185166135171279,0.00232153221125943,0,0.00142734798743934,0.00143472022955524,0.000670915800067092,0,0.00137646249139711,0,0.001311303435615,0,0,0,0.000854153320521034,0,0.00198445510170332,0.00255727224294086,0.0010911074740862,0,0.0018577129489473,0.000384837406195882,0.00174003828084218,0,0,0.00220345207491737,0,0,0,0.00126885661920203,0.0020703933747412,0,0,0.00179010964421571,0.000362647325475975,0,0.00107353730542136,0,0,0.00284900284900285,0.00184365781710914,0,0,0.00279630027963003,0.00155597048101716,0,0,0,0,0,0,0,0,0,0,0,0,0.00134698275862069,0.00131233595800525,0.00228079067410035,0.00172622130157086,0,0,0.0017198248905566,0.00105978980835468,0.00233895331839002,0.00129555568073002,0.00180744668032293,0,0.00279162512462612,0,0,0.00367647058823529,0.000346440325653906,0,0,0,0.00237341772151899,0.0014018691588785,"Drugs","Tetracenomycin"
"Tetracyclines",0.0353000504286435,0.0714285714285714,0.0838709677419355,0.0306542056074766,0.0222267536704731,0.0811965811965812,0.0108794197642792,0.0243247512241352,0.0545454545454545,0.0320512820512821,0.0237629873469808,0.0249564712710389,0.0307692307692308,0.0256922637739081,0.0224175035868006,0.0249916135524992,0.131268436578171,0.0243175040146823,0,0.0249803304484658,0.0947368421052631,0.115942028985507,0.0105519480519481,0.0262652146060218,0.0303030303030303,0.0260459732098561,0.0225892381459776,0.0376432078559738,0.0121546961325967,0.0235310306866657,0.01962670771599,0.0273186010092222,0.101010101010101,0.0566037735849057,0.0264414248990084,0.0252808988764045,0.00711743772241993,0.0335195530726257,0.0221344988016354,0.0289855072463768,0.0330188679245283,0.0341880341880342,0.0268516446632356,0.0273798730734361,0.0155502392344498,0.0144927536231884,0.217391304347826,0.0231629392971246,0.0740740740740741,0.03023598820059,0.0234741784037559,0.107416879795396,0.0208647020864702,0.0220058682315284,0.0255639097744361,0.0350877192982456,0.0055045871559633,0.00921658986175115,0.0232558139534884,0.0161104718066743,0.0104364326375712,0,0.0180337405468295,0.214285714285714,0.05,0.0421455938697318,0.02734375,0.026738845144357,0.0230613279270147,0.0237355428965993,0.0638297872340425,0.10126582278481,0.023686679174484,0.0273779033824958,0.0255335737257577,0.0264180701853208,0.0231353175081335,0.00617283950617284,0.0235294117647059,0.0227014755959137,0.0625,0.0294117647058824,0.441364974883076,0.0120481927710843,0.0408163265306122,0.125,0.0233386075949367,0.0282710280373832,"Drugs","Tetracyclines"
"Trimethoprim",0,0,0,0.00149532710280374,0.000407830342577488,0.00213675213675214,0,0.00126362344021482,0.0121212121212121,0,0.00123444090114186,0.000386922035209905,0,0.000856408792463603,0.000717360114777618,0.000335457900033546,0,0.000458820830465703,0,0.000786782061369001,0,0,0,0.000427076660260517,0,0.00132297006780222,0.0014917421417155,0.00218221494817239,0,0.000688041832943443,0.000769674812391764,0.000348007656168436,0,0,0,0.000624219725343321,0,0,0.000704920344001128,0,0,0.00854700854700855,0.000895054822107854,0.0014505893019039,0,0.00214707461084273,0,0,0,0.00110619469026549,0,0,0.00129060012906001,0.000622388192406864,0,0,0,0,0,0,0.00189753320683112,0,0,0,0,0,0.000808189655172414,0.000984251968503937,0.000760263558033452,0.00129466597617815,0,0,0.000625390869293308,0.00123642144308046,0.000682194717863756,0.00112657015715654,0.00108446800819376,0,0.000797607178464606,0.00454029511918275,0,0.00367647058823529,0.00103932097696172,0,0,0,0.000395569620253165,0.000467289719626168,"Drugs","Trimethoprim"
"Zinc_resistance",0.00100857286938981,0,0.0129032258064516,0.00373831775700935,0.0018352365415987,0.0170940170940171,0.0235720761559383,0.00347496446059074,0.0363636363636364,0.0016025641025641,0.00144018105133217,0.00290191526407429,0.0307692307692308,0.00314016557236654,0.00484218077474892,0.00134183160013418,0.00294985250737463,0.00275292498279422,0,0.0019669551534225,0.0210526315789474,0,0.0430194805194805,0.00170830664104207,0.0303030303030303,0.00223251198941624,0.00191795418220565,0.00545553737043099,0.0287292817679558,0.00165130039906426,0.00269386184337118,0.00278406124934749,0.0202020202020202,0.0471698113207547,0.00146896804994491,0.00499375780274657,0.0177935943060498,0.0223463687150838,0.00253771323840406,0.0020703933747412,0,0.00854700854700855,0.00179010964421571,0.00217588395285585,0.027511961722488,0.00107353730542136,0,0.0327476038338658,0.0113960113960114,0.00165929203539823,0.0375586854460094,0.00255754475703325,0.00225855022585502,0.00200053347559349,0.0360902255639098,0.0292397660818713,0.0229357798165138,0.0276497695852535,0.0299003322259136,0.0345224395857307,0.0265654648956357,0.0689655172413793,0.00232693426410704,0,0.05,0.0114942528735632,0.00282866379310345,0.00246062992125984,0.00278763304612266,0.00267564301743484,0,0,0.00336147592245153,0.00211957961670935,0.00272877887145502,0.00185884075930829,0.00132546089890348,0.037037037037037,0.00239282153539382,0.0272417707150965,0,0,0.00173220162826953,0.0275387263339071,0.0204081632653061,0.0192307692307692,0.00158227848101266,0.00327102803738318,"Metals","Zinc_resistance"
